{"cameraMode":{"drawMode":0,"name":"Shaded","section":"Shading Mode"},"sceneLighting":false,"audioPlay":false,"sceneViewState":{"showFog":true,"showMaterialUpdate":false,"showSkybox":true,"showFlares":true,"showImageEffects":true,"showParticleSystems":true},"in2DMode":false,"pivot":{"x":-0.28844064474105837,"y":1.617890477180481,"z":0.8877735733985901},"rotation":{"x":-0.035817306488752368,"y":-0.78916996717453,"z":0.04623742401599884,"w":-0.6113837361335754},"size":0.2890167832374573,"orthographic":false}