{"cameraMode":{"drawMode":0,"name":"Shaded","section":"Shading Mode"},"sceneLighting":false,"audioPlay":false,"sceneViewState":{"showFog":true,"showMaterialUpdate":false,"showSkybox":true,"showFlares":true,"showImageEffects":true,"showParticleSystems":true},"in2DMode":false,"pivot":{"x":-327.83013916015627,"y":0.5201459527015686,"z":-57.46234893798828},"rotation":{"x":0.0007410504622384906,"y":0.9992011189460754,"z":-0.022504569962620736,"w":0.03301737457513809},"size":4.65017032623291,"orthographic":false}