{"cameraMode":{"drawMode":0,"name":"Shaded","section":"Shading Mode"},"sceneLighting":false,"audioPlay":false,"sceneViewState":{"showFog":true,"showMaterialUpdate":false,"showSkybox":true,"showFlares":true,"showImageEffects":true,"showParticleSystems":true},"in2DMode":false,"pivot":{"x":-330.5694885253906,"y":1.4052029848098755,"z":-15.342609405517579},"rotation":{"x":-0.00296965055167675,"y":-0.07766390591859818,"z":-0.00023417745251208544,"w":0.9969751834869385},"size":0.28899362683296206,"orthographic":false}