{"cameraMode":{"drawMode":0,"name":"Shaded","section":"Shading Mode"},"sceneLighting":false,"audioPlay":false,"sceneViewState":{"showFog":true,"showMaterialUpdate":false,"showSkybox":true,"showFlares":true,"showImageEffects":true,"showParticleSystems":true},"in2DMode":false,"pivot":{"x":-322.7328796386719,"y":0.6936007738113403,"z":-82.78510284423828},"rotation":{"x":0.0017534662038087845,"y":-0.9972617030143738,"z":0.06953880190849304,"w":0.025107594206929208},"size":4.7788543701171879,"orthographic":false}