{"cameraMode":{"drawMode":0,"name":"Shaded","section":"Shading Mode"},"sceneLighting":false,"audioPlay":false,"sceneViewState":{"showFog":true,"showMaterialUpdate":false,"showSkybox":true,"showFlares":true,"showImageEffects":true,"showParticleSystems":true},"in2DMode":false,"pivot":{"x":-0.6328705549240112,"y":1.311011552810669,"z":0.421897292137146},"rotation":{"x":0.0001238285913132131,"y":-0.9998358488082886,"z":0.007498952094465494,"w":0.016497217118740083},"size":1.5149306058883668,"orthographic":true}