{"cameraMode":{"drawMode":0,"name":"Shaded","section":"Shading Mode"},"sceneLighting":false,"audioPlay":false,"sceneViewState":{"showFog":true,"showMaterialUpdate":false,"showSkybox":true,"showFlares":true,"showImageEffects":true,"showParticleSystems":true},"in2DMode":false,"pivot":{"x":280.2855529785156,"y":209.0865478515625,"z":0.39492303133010867},"rotation":{"x":-0.016504641622304918,"y":-0.7257295250892639,"z":-0.017420856282114984,"w":0.6875614523887634},"size":1.5042760372161866,"orthographic":false}