{"cameraMode":{"drawMode":0,"name":"Shaded","section":"Shading Mode"},"sceneLighting":false,"audioPlay":false,"sceneViewState":{"showFog":true,"showMaterialUpdate":false,"showSkybox":true,"showFlares":true,"showImageEffects":true,"showParticleSystems":true},"in2DMode":false,"pivot":{"x":-9.939410209655762,"y":3.533737897872925,"z":-4.004579544067383},"rotation":{"x":-0.05993743613362312,"y":0.01373185683041811,"z":0.0008217958966270089,"w":0.998107373714447},"size":22.0,"orthographic":false}