{"cameraMode":{"drawMode":0,"name":"Shaded","section":"Shading Mode"},"sceneLighting":false,"audioPlay":false,"sceneViewState":{"showFog":true,"showMaterialUpdate":false,"showSkybox":true,"showFlares":true,"showImageEffects":true,"showParticleSystems":true},"in2DMode":false,"pivot":{"x":-330.4649658203125,"y":4.850269794464111,"z":-61.81535720825195},"rotation":{"x":-0.04794803261756897,"y":0.022731438279151918,"z":0.0010887393727898598,"w":0.9985905885696411},"size":22.0,"orthographic":false}