{"cameraMode":{"drawMode":0,"name":"Shaded","section":"Shading Mode"},"sceneLighting":false,"audioPlay":false,"sceneViewState":{"showFog":true,"showMaterialUpdate":false,"showSkybox":true,"showFlares":true,"showImageEffects":true,"showParticleSystems":true},"in2DMode":false,"pivot":{"x":-324.87994384765627,"y":0.7532936930656433,"z":-7.352076053619385},"rotation":{"x":-0.06955801695585251,"y":-0.004457138013094664,"z":0.00031110929558053613,"w":-0.9975679516792297},"size":11.150506019592286,"orthographic":true}