{"cameraMode":{"drawMode":0,"name":"Shaded","section":"Shading Mode"},"sceneLighting":false,"audioPlay":false,"sceneViewState":{"showFog":true,"showMaterialUpdate":false,"showSkybox":true,"showFlares":true,"showImageEffects":true,"showParticleSystems":true},"in2DMode":false,"pivot":{"x":0.3625568747520447,"y":1.5010974407196046,"z":0.4326864182949066},"rotation":{"x":0.028320932760834695,"y":-0.6872566342353821,"z":0.02682916261255741,"w":0.7253664135932922},"size":0.945234477519989,"orthographic":false}