{"cameraMode":{"drawMode":0,"name":"Shaded","section":"Shading Mode"},"sceneLighting":false,"audioPlay":false,"sceneViewState":{"showFog":true,"showMaterialUpdate":false,"showSkybox":true,"showFlares":true,"showImageEffects":true,"showParticleSystems":true},"in2DMode":false,"pivot":{"x":0.28823015093803408,"y":1.5688766241073609,"z":-0.1179017722606659},"rotation":{"x":0.00017187728371936828,"y":-0.9998284578323364,"z":-0.011977416463196278,"w":-0.01412873063236475},"size":1.245234489440918,"orthographic":false}