{"cameraMode":{"drawMode":0,"name":"Shaded","section":"Shading Mode"},"sceneLighting":false,"audioPlay":false,"sceneViewState":{"showFog":true,"showMaterialUpdate":false,"showSkybox":true,"showFlares":true,"showImageEffects":true,"showParticleSystems":true},"in2DMode":false,"pivot":{"x":-329.8526916503906,"y":0.8004052639007568,"z":-67.98304748535156},"rotation":{"x":0.05503258854150772,"y":0.9335564374923706,"z":-0.3141622245311737,"w":0.16354171931743623},"size":3.101160764694214,"orthographic":false}