{"cameraMode":{"drawMode":0,"name":"Shaded","section":"Shading Mode"},"sceneLighting":false,"audioPlay":false,"sceneViewState":{"showFog":true,"showMaterialUpdate":false,"showSkybox":true,"showFlares":true,"showImageEffects":true,"showParticleSystems":true},"in2DMode":false,"pivot":{"x":-0.008826762437820435,"y":0.9088995456695557,"z":-0.013549372553825379},"rotation":{"x":-0.0643511489033699,"y":-0.9145467877388,"z":0.3654049038887024,"w":-0.1610669046640396},"size":4.16123104095459,"orthographic":false}