{"cameraMode":{"drawMode":0,"name":"Shaded","section":"Shading Mode"},"sceneLighting":false,"audioPlay":false,"sceneViewState":{"showFog":true,"showMaterialUpdate":false,"showSkybox":true,"showFlares":true,"showImageEffects":true,"showParticleSystems":true},"in2DMode":false,"pivot":{"x":-315.9503173828125,"y":8.768725395202637,"z":-68.38069152832031},"rotation":{"x":0.0007410504622384906,"y":0.9992011189460754,"z":-0.022504569962620736,"w":0.03301737457513809},"size":71.46369171142578,"orthographic":false}