{"cameraMode":{"drawMode":0,"name":"Shaded","section":"Shading Mode"},"sceneLighting":false,"audioPlay":false,"sceneViewState":{"showFog":true,"showMaterialUpdate":false,"showSkybox":true,"showFlares":true,"showImageEffects":true,"showParticleSystems":true},"in2DMode":false,"pivot":{"x":-321.3367919921875,"y":0.7280845046043396,"z":-18.051828384399415},"rotation":{"x":-0.03091382421553135,"y":0.3710907995700836,"z":-0.01236178819090128,"w":-0.9279995560646057},"size":2.181147336959839,"orthographic":false}