{"cameraMode":{"drawMode":0,"name":"Shaded","section":"Shading Mode"},"sceneLighting":false,"audioPlay":false,"sceneViewState":{"showFog":true,"showMaterialUpdate":false,"showSkybox":true,"showFlares":true,"showImageEffects":true,"showParticleSystems":true},"in2DMode":false,"pivot":{"x":-326.5190124511719,"y":-1.313044548034668,"z":-13.567757606506348},"rotation":{"x":-0.09781190007925034,"y":0.8636848330497742,"z":-0.18408876657485963,"w":-0.4589039087295532},"size":20.00140953063965,"orthographic":false}