{"cameraMode":{"drawMode":0,"name":"Shaded","section":"Shading Mode"},"sceneLighting":false,"audioPlay":false,"sceneViewState":{"showFog":true,"showMaterialUpdate":false,"showSkybox":true,"showFlares":true,"showImageEffects":true,"showParticleSystems":true},"in2DMode":false,"pivot":{"x":-326.4276123046875,"y":0.9412057399749756,"z":-57.9738883972168},"rotation":{"x":0.019444245845079423,"y":-0.08811203390359879,"z":0.0017177134286612273,"w":0.9959193468093872},"size":5.031482696533203,"orthographic":false}