{"cameraMode":{"drawMode":0,"name":"Shaded","section":"Shading Mode"},"sceneLighting":false,"audioPlay":false,"sceneViewState":{"showFog":true,"showMaterialUpdate":false,"showSkybox":true,"showFlares":true,"showImageEffects":true,"showParticleSystems":true},"in2DMode":false,"pivot":{"x":-0.1497735232114792,"y":1.1237143278121949,"z":-1.261349081993103},"rotation":{"x":0.009451710619032383,"y":-0.9847816228866577,"z":0.1640016883611679,"w":0.0567391961812973},"size":5.2419257164001469,"orthographic":false}